<?xml version="1.0" encoding="utf-8"?>
<!DOCTYPE hibernate-configuration SYSTEM
"http://www.hibernate.org/dtd/hibernate-configuration-3.0.dtd">
 
<hibernate-configuration>
   <session-factory>
   <property name="hibernate.dialect">org.hibernate.dialect.MySQLDialect</property>
   <property name="hibernate.connection.driver_class">com.mysql.jdbc.Driver</property>
 
   <!-- Assume mydb is the database name -->
   <property name="hibernate.connection.url">jdbc:mysql://localhost:3306/Electronics_Products_Shopping?createDatabaseIfNotExist=true</property>
   <property name="hibernate.connection.username">root</property>
   <property name="hibernate.connection.password">admin</property>
   <property name="show_sql">true</property>
   <property name="hbm2ddl.auto">update</property>
  
   <!-- DTO Mapping -->
   <mapping class="com.product.entity.Products"/>
   
 </session-factory>
</hibernate-configuration>